{
  "project_info": {
    "project_number": "357905651376",
    "project_id": "smart-trash-auntetikasi",
    "storage_bucket": "smart-trash-auntetikasi.firebasestorage.app"
  },
  "client": [
    {
      "client_info": {
        "mobilesdk_app_id": "1:357905651376:android:bf91276e473485a718cd75",
        "android_client_info": {
          "package_name": "com.example.smart_trash"
        }
      },
      "oauth_client": [],
      "api_key": [
        {
          "current_key": "AIzaSyCoTZoiyFRvHYUAPKR9yZuVP8NB42DT9wk"
        }
      ],
      "services": {
        "appinvite_service": {
          "other_platform_oauth_client": []
        }
      }
    }
  ],
  "configuration_version": "1"
}